par,serie_realizado,data_referencia,data_divulgacao,realizado,consenso,surpresa,unidade,data_consenso,dias_sem_mudanca,primeira_leitura
desocupacao,desocupacao,2021-08-01,2021-10-27,13.2,13.84,-0.64,p.p.,2021-09-28,29,False
desocupacao,desocupacao,2021-09-01,2021-11-30,12.7,13.3,-0.6,p.p.,2021-10-29,32,False
desocupacao,desocupacao,2021-10-01,2021-12-28,12.1,12.7,-0.6,p.p.,2021-11-22,36,False
desocupacao,desocupacao,2021-11-01,2022-01-28,11.6,12.05,-0.45,p.p.,2021-12-29,30,False
desocupacao,desocupacao,2021-12-01,2022-02-24,11.1,11.55,-0.45,p.p.,2022-01-28,27,False
desocupacao,desocupacao,2022-01-01,2022-03-18,11.2,11.7,-0.5,p.p.,2022-02-24,22,False
desocupacao,desocupacao,2022-02-01,2022-03-31,11.2,11.5,-0.3,p.p.,2022-03-23,8,False
desocupacao,desocupacao,2022-03-01,2022-04-29,11.1,11.4,-0.3,p.p.,2022-04-25,4,False
desocupacao,desocupacao,2022-04-01,2022-05-31,10.5,11.0,-0.5,p.p.,2022-05-26,5,False
desocupacao,desocupacao,2022-05-01,2022-06-30,9.8,10.3,-0.5,p.p.,2022-06-20,10,False
desocupacao,desocupacao,2022-06-01,2022-07-29,9.3,9.4,-0.1,p.p.,2022-07-25,4,False
desocupacao,desocupacao,2022-07-01,2022-08-31,9.1,9.1,0.0,p.p.,2022-08-29,2,False
desocupacao,desocupacao,2022-08-01,2022-09-30,8.9,8.9,0.0,p.p.,2022-09-23,7,False
desocupacao,desocupacao,2022-09-01,2022-10-27,8.7,8.8,-0.1,p.p.,2022-09-16,41,False
desocupacao,desocupacao,2022-10-01,2022-11-30,8.3,8.6,-0.3,p.p.,2022-11-29,1,False
desocupacao,desocupacao,2022-11-01,2023-01-19,8.1,8.175,-0.075,p.p.,2022-12-30,20,False
desocupacao,desocupacao,2022-12-01,2023-02-28,7.9,8.0,-0.1,p.p.,2023-01-20,39,False
desocupacao,desocupacao,2023-01-01,2023-03-17,8.4,8.3,0.1,p.p.,2023-01-20,56,False
desocupacao,desocupacao,2023-02-01,2023-03-31,8.6,8.695,-0.095,p.p.,2023-03-27,4,False
desocupacao,desocupacao,2023-03-01,2023-04-28,8.8,8.9,-0.1,p.p.,2023-04-04,24,False
desocupacao,desocupacao,2023-04-01,2023-05-31,8.5,8.8,-0.3,p.p.,2023-05-22,9,False
desocupacao,desocupacao,2023-05-01,2023-06-30,8.3,8.4,-0.1,p.p.,2023-06-23,7,False
desocupacao,desocupacao,2023-06-01,2023-07-28,8.0,8.3,-0.3,p.p.,2023-07-27,1,False
desocupacao,desocupacao,2023-07-01,2023-08-31,7.9,8.0,-0.1,p.p.,2023-08-28,3,False
desocupacao,desocupacao,2023-08-01,2023-09-29,7.8,7.85,-0.05,p.p.,2023-09-27,2,False
desocupacao,desocupacao,2023-09-01,2023-10-31,7.7,7.8,-0.1,p.p.,2023-09-29,32,False
desocupacao,desocupacao,2023-10-01,2023-11-30,7.6,7.65,-0.05,p.p.,2023-11-29,1,False
desocupacao,desocupacao,2023-11-01,2023-12-29,7.5,7.5226,-0.0226,p.p.,2023-12-28,1,False
desocupacao,desocupacao,2023-12-01,2024-01-31,7.4,7.5,-0.1,p.p.,2024-01-11,20,False
desocupacao,desocupacao,2024-01-01,2024-02-29,7.6,7.8,-0.2,p.p.,2024-02-02,27,False
desocupacao,desocupacao,2024-02-01,2024-03-28,7.8,7.9,-0.1,p.p.,2024-03-18,10,False
desocupacao,desocupacao,2024-03-01,2024-04-30,7.9,8.0,-0.1,p.p.,2024-04-19,11,False
desocupacao,desocupacao,2024-04-01,2024-05-29,7.5,7.8,-0.3,p.p.,2024-05-24,5,False
desocupacao,desocupacao,2024-05-01,2024-06-28,7.1,7.4,-0.3,p.p.,2024-06-24,4,False
desocupacao,desocupacao,2024-06-01,2024-07-31,6.9,7.0,-0.1,p.p.,2024-07-26,5,False
desocupacao,desocupacao,2024-07-01,2024-08-30,6.8,6.88,-0.08,p.p.,2024-08-29,1,False
desocupacao,desocupacao,2024-08-01,2024-09-27,6.6,6.8,-0.2,p.p.,2024-09-06,21,False
desocupacao,desocupacao,2024-09-01,2024-10-31,6.4,6.6,-0.2,p.p.,2024-10-14,17,False
desocupacao,desocupacao,2024-10-01,2024-11-29,6.2,6.3,-0.1,p.p.,2024-11-22,7,False
desocupacao,desocupacao,2024-11-01,2024-12-27,6.1,6.1,0.0,p.p.,2024-12-10,17,False
desocupacao,desocupacao,2024-12-01,2025-01-31,6.2,6.0,0.2,p.p.,2024-12-20,42,False
desocupacao,desocupacao,2025-01-01,2025-02-27,6.5,6.5,0.0,p.p.,2025-02-25,2,False
desocupacao,desocupacao,2025-02-01,2025-03-28,6.8,6.76,0.04,p.p.,2025-03-27,1,False
desocupacao,desocupacao,2025-03-01,2025-04-30,7.0,7.0,0.0,p.p.,2025-04-17,13,False
desocupacao,desocupacao,2025-04-01,2025-05-29,6.6,6.9,-0.3,p.p.,2025-05-02,27,False
desocupacao,desocupacao,2025-05-01,2025-06-27,6.2,6.56,-0.36,p.p.,2025-06-23,4,False
desocupacao,desocupacao,2025-06-01,2025-07-31,5.8,6.1,-0.3,p.p.,2025-07-18,13,False
desocupacao,desocupacao,2025-07-01,2025-09-16,5.6,5.8,-0.2,p.p.,2025-08-25,22,False
desocupacao,desocupacao,2025-08-01,2025-09-30,5.6,5.7,-0.1,p.p.,2025-09-19,11,False
desocupacao,desocupacao,2025-09-01,2025-10-31,5.6,5.66,-0.06,p.p.,2025-10-28,3,False
desocupacao,desocupacao,2025-10-01,2025-11-28,5.4,5.6,-0.2,p.p.,2025-11-03,25,False
desocupacao,desocupacao,2025-11-01,2025-12-30,5.2,5.405,-0.205,p.p.,2025-12-26,4,False
desocupacao,desocupacao,2025-12-01,2026-01-30,5.1,5.3,-0.2,p.p.,2026-01-23,7,False
desocupacao,desocupacao,2026-01-01,2026-03-05,5.4,5.4,0.0,p.p.,2026-02-23,10,False
desocupacao,desocupacao,2026-02-01,2026-03-27,5.8,5.7,0.1,p.p.,2026-02-20,35,False
desocupacao,desocupacao,2026-03-01,2026-04-30,6.1,6.0,0.1,p.p.,2026-04-10,20,False
desocupacao,desocupacao,2026-04-01,2026-05-28,5.8,5.9,-0.1,p.p.,2026-05-18,10,False
desocupacao,desocupacao,2026-05-01,2026-06-26,5.6,5.625,-0.025,p.p.,2026-06-25,1,False
desocupacao,desocupacao,2026-06-01,2026-07-30,5.4,5.5,-0.1,p.p.,2026-06-22,38,False
desocupacao,desocupacao,2026-07-01,2026-08-27,5.3,5.4,-0.1,p.p.,2026-07-31,27,False
ipca,ipca,2016-12-01,2017-01-11,0.3,0.36,-0.06,p.p.,2017-01-06,5,False
ipca,ipca,2017-01-01,2017-02-08,0.38,0.46,-0.08,p.p.,2017-02-07,1,False
ipca,ipca,2017-02-01,2017-03-10,0.33,0.43,-0.1,p.p.,2017-03-03,7,False
ipca,ipca,2017-03-01,2017-04-07,0.25,0.23,0.02,p.p.,2017-03-23,15,False
ipca,ipca,2017-04-01,2017-05-10,0.14,0.16,-0.02,p.p.,2017-05-09,1,False
ipca,ipca,2017-05-01,2017-06-09,0.31,0.46,-0.15,p.p.,2017-05-31,9,False
ipca,ipca,2017-06-01,2017-07-07,-0.23,-0.17,-0.06,p.p.,2017-07-03,4,False
ipca,ipca,2017-07-01,2017-08-09,0.24,0.16,0.08,p.p.,2017-08-03,6,False
ipca,ipca,2017-08-01,2017-09-06,0.19,0.38,-0.19,p.p.,2017-09-04,2,False
ipca,ipca,2017-09-01,2017-10-06,0.16,0.1,0.06,p.p.,2017-09-27,9,False
ipca,ipca,2017-10-01,2017-11-10,0.42,0.48,-0.06,p.p.,2017-11-03,7,False
ipca,ipca,2017-11-01,2017-12-08,0.28,0.38,-0.1,p.p.,2017-11-28,10,False
ipca,ipca,2017-12-01,2018-01-10,0.44,0.29,0.15,p.p.,2018-01-05,5,False
ipca,ipca,2018-01-01,2018-02-08,0.29,0.4,-0.11,p.p.,2018-01-22,17,False
ipca,ipca,2018-02-01,2018-03-09,0.32,0.32,0.0,p.p.,2018-03-08,1,False
ipca,ipca,2018-03-01,2018-04-10,0.09,0.14,-0.05,p.p.,2018-04-02,8,False
ipca,ipca,2018-04-01,2018-05-10,0.22,0.3,-0.08,p.p.,2018-05-09,1,False
ipca,ipca,2018-05-01,2018-06-08,0.4,0.3,0.1,p.p.,2018-05-23,16,False
ipca,ipca,2018-06-01,2018-07-06,1.26,1.17,0.09,p.p.,2018-07-04,2,False
ipca,ipca,2018-07-01,2018-08-08,0.33,0.29,0.04,p.p.,2018-07-31,8,False
ipca,ipca,2018-08-01,2018-09-06,-0.09,0.0,-0.09,p.p.,2018-08-24,13,False
ipca,ipca,2018-09-01,2018-10-05,0.48,0.42,0.06,p.p.,2018-10-02,3,False
ipca,ipca,2018-10-01,2018-11-07,0.45,0.55,-0.1,p.p.,2018-10-24,14,False
ipca,ipca,2018-11-01,2018-12-07,-0.21,-0.08,-0.13,p.p.,2018-12-06,1,False
ipca,ipca,2018-12-01,2019-01-11,0.15,0.11,0.04,p.p.,2019-01-09,2,False
ipca,ipca,2019-01-01,2019-02-08,0.32,0.38,-0.06,p.p.,2019-02-01,7,False
ipca,ipca,2019-02-01,2019-03-12,0.43,0.36,0.07,p.p.,2019-03-07,5,False
ipca,ipca,2019-03-01,2019-04-10,0.75,0.56,0.19,p.p.,2019-04-08,2,False
ipca,ipca,2019-04-01,2019-05-10,0.57,0.61,-0.04,p.p.,2019-05-07,3,False
ipca,ipca,2019-05-01,2019-06-07,0.13,0.23,-0.1,p.p.,2019-06-06,1,False
ipca,ipca,2019-06-01,2019-07-10,0.01,-0.03,0.04,p.p.,2019-06-28,12,False
ipca,ipca,2019-07-01,2019-08-08,0.19,0.23,-0.04,p.p.,2019-07-25,14,False
ipca,ipca,2019-08-01,2019-09-06,0.11,0.12,-0.01,p.p.,2019-08-26,11,False
ipca,ipca,2019-09-01,2019-10-09,-0.04,0.05,-0.09,p.p.,2019-10-04,5,False
ipca,ipca,2019-10-01,2019-11-07,0.1,0.08,0.02,p.p.,2019-10-25,13,False
ipca,ipca,2019-11-01,2019-12-06,0.51,0.45,0.06,p.p.,2019-12-04,2,False
ipca,ipca,2019-12-01,2020-01-10,1.15,1.03,0.12,p.p.,2020-01-09,1,False
ipca,ipca,2020-01-01,2020-02-07,0.21,0.34,-0.13,p.p.,2020-01-30,8,False
ipca,ipca,2020-02-01,2020-03-11,0.25,0.15,0.1,p.p.,2020-03-03,8,False
ipca,ipca,2020-03-01,2020-04-09,0.07,0.1,-0.03,p.p.,2020-03-30,10,False
ipca,ipca,2020-04-01,2020-05-08,-0.31,-0.2,-0.11,p.p.,2020-05-07,1,False
ipca,ipca,2020-05-01,2020-06-10,-0.38,-0.43,0.05,p.p.,2020-06-05,5,False
ipca,ipca,2020-06-01,2020-07-10,0.26,0.25,0.01,p.p.,2020-07-06,4,False
ipca,ipca,2020-07-01,2020-08-07,0.36,0.36,0.0,p.p.,2020-07-31,7,False
ipca,ipca,2020-08-01,2020-09-09,0.24,0.22,0.02,p.p.,2020-09-08,1,False
ipca,ipca,2020-09-01,2020-10-09,0.64,0.45,0.19,p.p.,2020-10-06,3,False
ipca,ipca,2020-10-01,2020-11-06,0.86,0.8,0.06,p.p.,2020-11-03,3,False
ipca,ipca,2020-11-01,2020-12-08,0.89,0.77,0.12,p.p.,2020-12-04,4,False
ipca,ipca,2020-12-01,2021-01-12,1.35,1.21,0.14,p.p.,2021-01-08,4,False
ipca,ipca,2021-01-01,2021-02-09,0.25,0.3,-0.05,p.p.,2021-01-22,18,False
ipca,ipca,2021-02-01,2021-03-11,0.86,0.68,0.18,p.p.,2021-03-05,6,False
ipca,ipca,2021-03-01,2021-04-09,0.93,0.96,-0.03,p.p.,2021-04-08,1,False
ipca,ipca,2021-04-01,2021-05-11,0.31,0.3,0.01,p.p.,2021-05-05,6,False
ipca,ipca,2021-05-01,2021-06-09,0.83,0.7,0.13,p.p.,2021-06-04,5,False
ipca,ipca,2021-06-01,2021-07-08,0.53,0.58,-0.05,p.p.,2021-07-02,6,False
ipca,ipca,2021-07-01,2021-08-10,0.96,0.95,0.01,p.p.,2021-08-06,4,False
ipca,ipca,2021-08-01,2021-09-09,0.87,0.68,0.19,p.p.,2021-09-06,3,False
ipca,ipca,2021-09-01,2021-10-08,1.16,1.175,-0.015,p.p.,2021-10-07,1,False
ipca,ipca,2021-10-01,2021-11-10,1.25,1.0,0.25,p.p.,2021-11-08,2,False
ipca,ipca,2021-11-01,2021-12-10,0.95,1.08,-0.13,p.p.,2021-12-07,3,False
ipca,ipca,2021-12-01,2022-01-11,0.73,0.66,0.07,p.p.,2022-01-10,1,False
ipca,ipca,2022-01-01,2022-02-09,0.54,0.55,-0.01,p.p.,2022-02-04,5,False
ipca,ipca,2022-02-01,2022-03-11,1.01,0.9,0.11,p.p.,2022-03-10,1,False
ipca,ipca,2022-03-01,2022-04-08,1.62,1.23,0.39,p.p.,2022-04-07,1,False
ipca,ipca,2022-04-01,2022-05-11,1.06,0.96,0.1,p.p.,2022-05-06,5,False
ipca,ipca,2022-05-01,2022-06-09,0.47,0.54,-0.07,p.p.,2022-06-03,6,False
ipca,ipca,2022-06-01,2022-07-08,0.67,0.7,-0.03,p.p.,2022-07-06,2,False
ipca,ipca,2022-07-01,2022-08-09,-0.68,-0.65,-0.03,p.p.,2022-08-08,1,False
ipca,ipca,2022-08-01,2022-09-09,-0.36,-0.36,0.0,p.p.,2022-09-08,1,False
ipca,ipca,2022-09-01,2022-10-11,-0.29,-0.26,-0.03,p.p.,2022-10-10,1,False
ipca,ipca,2022-10-01,2022-11-10,0.59,0.4365,0.1535,p.p.,2022-11-09,1,False
ipca,ipca,2022-11-01,2022-12-09,0.41,0.53,-0.12,p.p.,2022-12-06,3,False
ipca,ipca,2022-12-01,2023-01-10,0.62,0.46,0.16,p.p.,2023-01-05,5,False
ipca,ipca,2023-01-01,2023-02-09,0.53,0.55,-0.02,p.p.,2023-01-27,13,False
ipca,ipca,2023-02-01,2023-03-10,0.84,0.78,0.06,p.p.,2023-02-23,15,False
ipca,ipca,2023-03-01,2023-04-11,0.71,0.77,-0.06,p.p.,2023-04-04,7,False
ipca,ipca,2023-04-01,2023-05-12,0.61,0.55,0.06,p.p.,2023-04-20,22,False
ipca,ipca,2023-05-01,2023-06-07,0.23,0.37,-0.14,p.p.,2023-06-02,5,False
ipca,ipca,2023-06-01,2023-07-11,-0.08,-0.1,0.02,p.p.,2023-07-10,1,False
ipca,ipca,2023-07-01,2023-08-11,0.12,0.08,0.04,p.p.,2023-08-01,10,False
ipca,ipca,2023-08-01,2023-09-12,0.23,0.26,-0.03,p.p.,2023-09-11,1,False
ipca,ipca,2023-09-01,2023-10-11,0.26,0.35,-0.09,p.p.,2023-09-29,12,False
ipca,ipca,2023-10-01,2023-11-10,0.24,0.28,-0.04,p.p.,2023-10-27,14,False
ipca,ipca,2023-11-01,2023-12-12,0.28,0.2888,-0.0088,p.p.,2023-12-11,1,False
ipca,ipca,2023-12-01,2024-01-11,0.56,0.42,0.14,p.p.,2024-01-08,3,False
ipca,ipca,2024-01-01,2024-02-08,0.42,0.37,0.05,p.p.,2024-02-05,3,False
ipca,ipca,2024-02-01,2024-03-12,0.83,0.77,0.06,p.p.,2024-03-04,8,False
ipca,ipca,2024-03-01,2024-04-10,0.16,0.24,-0.08,p.p.,2024-04-05,5,False
ipca,ipca,2024-04-01,2024-05-10,0.38,0.35,0.03,p.p.,2024-05-07,3,False
ipca,ipca,2024-05-01,2024-06-11,0.46,0.4,0.06,p.p.,2024-06-07,4,False
ipca,ipca,2024-06-01,2024-07-10,0.21,0.32,-0.11,p.p.,2024-07-05,5,False
ipca,ipca,2024-07-01,2024-08-09,0.38,0.33,0.05,p.p.,2024-08-02,7,False
ipca,ipca,2024-08-01,2024-09-10,-0.02,0.02,-0.04,p.p.,2024-09-06,4,False
ipca,ipca,2024-09-01,2024-10-09,0.44,0.47,-0.03,p.p.,2024-10-04,5,False
ipca,ipca,2024-10-01,2024-11-08,0.56,0.53,0.03,p.p.,2024-11-01,7,False
ipca,ipca,2024-11-01,2024-12-10,0.39,0.35,0.04,p.p.,2024-12-06,4,False
ipca,ipca,2024-12-01,2025-01-10,0.52,0.58,-0.06,p.p.,2024-12-30,11,False
ipca,ipca,2025-01-01,2025-02-11,0.16,0.15,0.01,p.p.,2025-02-07,4,False
ipca,ipca,2025-02-01,2025-03-12,1.31,1.34,-0.03,p.p.,2025-03-10,2,False
ipca,ipca,2025-03-01,2025-04-11,0.56,0.5598,0.0002,p.p.,2025-04-08,3,False
ipca,ipca,2025-04-01,2025-05-09,0.43,0.43,0.0,p.p.,2025-05-05,4,False
ipca,ipca,2025-05-01,2025-06-10,0.26,0.36,-0.1,p.p.,2025-06-09,1,False
ipca,ipca,2025-06-01,2025-07-10,0.24,0.23,0.01,p.p.,2025-07-07,3,False
ipca,ipca,2025-07-01,2025-08-12,0.26,0.34,-0.08,p.p.,2025-07-25,18,False
ipca,ipca,2025-08-01,2025-09-10,-0.11,-0.15,0.04,p.p.,2025-08-22,19,False
ipca,ipca,2025-09-01,2025-10-09,0.48,0.55,-0.07,p.p.,2025-10-03,6,False
ipca,ipca,2025-10-01,2025-11-11,0.09,0.15,-0.06,p.p.,2025-11-07,4,False
ipca,ipca,2025-11-01,2025-12-10,0.18,0.2,-0.02,p.p.,2025-11-24,16,False
ipca,ipca,2025-12-01,2026-01-09,0.33,0.3643,-0.0343,p.p.,2026-01-07,2,False
ipca,ipca,2026-01-01,2026-02-10,0.33,0.33,0.0,p.p.,2026-02-06,4,False
ipca,ipca,2026-02-01,2026-03-12,0.7,0.5,0.2,p.p.,2026-03-10,2,False
ipca,ipca,2026-03-01,2026-04-10,0.88,0.6,0.28,p.p.,2026-04-06,4,False
ipca,ipca,2026-04-01,2026-05-12,0.67,0.68,-0.01,p.p.,2026-05-11,1,False
ipca,ipca,2026-05-01,2026-06-12,0.58,0.49,0.09,p.p.,2026-06-09,3,False
ipca,ipca,2026-06-01,2026-07-10,0.16,0.32,-0.16,p.p.,2026-06-12,28,False
ipca,ipca,2026-07-01,2026-08-11,0.07,0.06,0.01,p.p.,2026-08-10,1,False
ipca,ipca,2026-08-01,2026-09-11,-0.32,-0.2282,-0.0918,p.p.,2026-09-04,7,True
pib,pib_yoy,2016-10-01,2017-03-07,-2.263,-2.11,-0.153,p.p.,2017-03-06,1,False
pib,pib_yoy,2017-01-01,2017-06-01,0.2842,-0.65,0.9342,p.p.,2017-05-31,1,False
pib,pib_yoy,2017-04-01,2017-09-01,0.7878,0.0,0.7878,p.p.,2017-08-24,8,False
pib,pib_yoy,2017-07-01,2017-12-01,1.643,1.1,0.543,p.p.,2017-11-06,25,False
pib,pib_yoy,2017-10-01,2018-03-01,2.5802,2.4,0.1802,p.p.,2018-02-22,7,False
pib,pib_yoy,2018-01-01,2018-05-30,1.9035,1.4,0.5035,p.p.,2018-05-28,2,False
pib,pib_yoy,2018-04-01,2018-08-31,1.6178,1.1,0.5178,p.p.,2018-07-26,36,False
pib,pib_yoy,2018-07-01,2018-11-30,2.0562,1.5,0.5562,p.p.,2018-11-12,18,False
pib,pib_yoy,2018-10-01,2019-02-28,1.5548,1.41,0.1448,p.p.,2019-02-27,1,False
pib,pib_yoy,2019-01-01,2019-05-30,0.9007,0.54,0.3607,p.p.,2019-05-29,1,False
pib,pib_yoy,2019-04-01,2019-08-29,1.1746,0.72,0.4546,p.p.,2019-08-27,2,False
pib,pib_yoy,2019-07-01,2019-12-03,1.1122,1.0,0.1122,p.p.,2019-11-29,4,False
pib,pib_yoy,2019-10-01,2020-03-04,1.6906,1.6,0.0906,p.p.,2020-02-14,19,False
pib,pib_yoy,2020-01-01,2020-05-29,0.4134,-0.33,0.7434,p.p.,2020-05-26,3,False
pib,pib_yoy,2020-04-01,2020-09-01,-10.1367,-10.54,0.4033,p.p.,2020-08-31,1,False
pib,pib_yoy,2020-07-01,2020-12-03,-3.035,-3.59,0.555,p.p.,2020-12-02,1,False
pib,pib_yoy,2020-10-01,2021-03-03,-0.3313,-1.7,1.3687,p.p.,2021-03-01,2,False
pib,pib_yoy,2021-01-01,2021-06-01,1.7482,0.47,1.2782,p.p.,2021-05-31,1,False
pib,pib_yoy,2021-04-01,2021-09-01,12.3951,12.7642,-0.3691,p.p.,2021-08-31,1,False
pib,pib_yoy,2021-07-01,2021-12-02,4.211,4.4,-0.189,p.p.,2021-11-26,6,False
pib,pib_yoy,2021-10-01,2022-03-04,1.4581,1.1879,0.2702,p.p.,2022-02-11,21,False
pib,pib_yoy,2022-01-01,2022-06-02,1.4777,1.6,-0.1223,p.p.,2022-05-27,6,False
pib,pib_yoy,2022-04-01,2022-09-01,3.5418,2.7,0.8418,p.p.,2022-08-15,17,False
pib,pib_yoy,2022-07-01,2022-12-01,4.3201,3.7,0.6201,p.p.,2022-11-28,3,False
pib,pib_yoy,2022-10-01,2023-03-02,2.696,2.2987,0.3973,p.p.,2023-01-27,34,False
pib,pib_yoy,2023-01-01,2023-06-01,4.4438,2.6,1.8438,p.p.,2023-05-30,2,False
pib,pib_yoy,2023-04-01,2023-09-01,3.849,2.6,1.249,p.p.,2023-08-25,7,False
pib,pib_yoy,2023-07-01,2023-12-05,2.3547,2.0,0.3547,p.p.,2023-12-01,4,False
pib,pib_yoy,2023-10-01,2024-03-01,2.379,2.2,0.179,p.p.,2024-02-02,28,False
pib,pib_yoy,2024-01-01,2024-06-04,2.4566,2.2,0.2566,p.p.,2024-05-10,25,False
pib,pib_yoy,2024-04-01,2024-09-03,3.473,2.52,0.953,p.p.,2024-09-02,1,False
pib,pib_yoy,2024-07-01,2024-12-03,4.1366,3.8,0.3366,p.p.,2024-12-02,1,False
pib,pib_yoy,2024-10-01,2025-03-07,3.5812,4.0,-0.4188,p.p.,2025-02-07,28,False
pib,pib_yoy,2025-01-01,2025-05-30,3.1537,3.1,0.0537,p.p.,2025-05-23,7,False
pib,pib_yoy,2025-04-01,2025-09-02,2.36,2.3,0.06,p.p.,2025-08-22,11,False
pib,pib_yoy,2025-07-01,2025-12-04,1.8247,1.7605,0.0642,p.p.,2025-12-03,1,False
pib,pib_yoy,2025-10-01,2026-03-03,1.8422,1.8,0.0422,p.p.,2026-02-20,11,False
pib,pib_yoy,2026-01-01,2026-05-29,1.8375,1.8,0.0375,p.p.,2026-05-22,7,False
pib,pib_yoy,2026-04-01,2026-09-01,1.9828,1.9,0.0828,p.p.,2026-08-28,4,False
